Dr Sridhar Devu,"MBBS, DNB
            11 years experience
Vascular Radiology Hyderabad - Hyderabad (  View Location )","MBBS, DNB
            11 years experience
Vascular Radiology Hyderabad - Hyderabad (  View Location )",Hyderabad - Hyderabad,Vascular Radiology,On Call,hyderabad
Dr Singapore Alekhya,"MBBS, DDVL, FAM
            6 years experience
Dermatology Hyderabad - Hyderabad (  View Location )","MBBS, DDVL, FAM
            6 years experience
Dermatology Hyderabad - Hyderabad (  View Location )",Hyderabad - Hyderabad,Dermatology,MON - SAT: 06:00 PM - 08:00 PM,hyderabad
Dr. K S Soma Sekhar Rao,"MBBS, MD, DM
            10 years experience
Gastroenterology Hyderabad - Hyderabad (  View Location )","MBBS, MD, DM
            10 years experience
Gastroenterology Hyderabad - Hyderabad (  View Location )",Hyderabad - Hyderabad,Gastroenterology,MON - SAT: 07:00 PM - 08:00 PM,hyderabad
Dr. DVL Narayan Rao,"MBBS, MS, MCh
            20 years experience
Gastroenterology Hyderabad - Hyderabad (  View Location )","MBBS, MS, MCh
            20 years experience
Gastroenterology Hyderabad - Hyderabad (  View Location )",Hyderabad - Hyderabad,Gastroenterology,MON - SAT: 07:00 PM - 09:00 PM,hyderabad
Dr. B S S Sainadh,"MBBS, DNB
            20 years experience
Gastroenterology Hyderabad - Hyderabad (  View Location )","MBBS, DNB
            20 years experience
Gastroenterology Hyderabad - Hyderabad (  View Location )",Hyderabad - Hyderabad,Gastroenterology,MOB - SAT: 07:00 PM - 07:30 PM,hyderabad
Dr. Ashwin Kumar Myneni,"MBBS, MS, DNB
            12 years experience
Gastroenterology Hyderabad - Hyderabad (  View Location )","MBBS, MS, DNB
            12 years experience
Gastroenterology Hyderabad - Hyderabad (  View Location )",Hyderabad - Hyderabad,Gastroenterology,"MON, WED, SAT: 07:30 PM - 08:30 PM",hyderabad
Dr Amar Raghu Narayan G,"MBBS MS MCh(Plastic Surgery)
            22 years experience
Plastic Surgery Hyderabad - Hyderabad (  View Location )","MBBS MS MCh(Plastic Surgery)
            22 years experience
Plastic Surgery Hyderabad - Hyderabad (  View Location )",Hyderabad - Hyderabad,Plastic Surgery,On Call,hyderabad
Dr  Lakshmi Godavarthy,"MBBS DNB
            18 years experience
Internal Medicine Hyderabad - Hyderabad (  View Location )","MBBS DNB
            18 years experience
Internal Medicine Hyderabad - Hyderabad (  View Location )",Hyderabad - Hyderabad,Internal Medicine,Mon to Sat : 8:45 AM -10:00 AM,hyderabad
Dr Sanjay Latchamsetty,"MBBS MD
            10 years experience
General Medicine Hyderabad - Hyderabad (  View Location )","MBBS MD
            10 years experience
General Medicine Hyderabad - Hyderabad (  View Location )",Hyderabad - Hyderabad,General Medicine,Mon â€“ Sat: 11:00 AM-3:00 PM,hyderabad
Dr. SUDHARSHAN RAJ C.,"DNB, DCH, MBBS
            25 years experience
Paediatrics Hyderabad - Hyderabad (  View Location )","DNB, DCH, MBBS
            25 years experience
Paediatrics Hyderabad - Hyderabad (  View Location )",Hyderabad - Hyderabad,Paediatrics,Mon to Sat - 05:30 PM to 09:00 PM,hyderabad
Dr. Kathi Srinath,"M.Ch. MS, MBBS
            10 years experience
Plastic Surgeon Hyderabad - Hyderabad (  View Location )","M.Ch. MS, MBBS
            10 years experience
Plastic Surgeon Hyderabad - Hyderabad (  View Location )",Hyderabad - Hyderabad,Plastic Surgeon,On Call,hyderabad
Dr.  G. RAMESH BABU,"MS, MBBS
            25 years experience
General Surgery Hyderabad - Hyderabad (  View Location )","MS, MBBS
            25 years experience
General Surgery Hyderabad - Hyderabad (  View Location )",Hyderabad - Hyderabad,General Surgery,On Call,hyderabad
DR. JANARDHAN  A. UPADHYAYA,"MD, MBBS
            6 years experience
Dermatology Hyderabad - Hyderabad (  View Location )","MD, MBBS
            6 years experience
Dermatology Hyderabad - Hyderabad (  View Location )",Hyderabad - Hyderabad,Dermatology,Mon to Sun - 05:30 PM to 07:30 PM,hyderabad
Dr Mysore Sudhir,"DNB,MD, MBBS
            36 years experience
Gastroenterology Hyderabad - Hyderabad (  View Location )","DNB,MD, MBBS
            36 years experience
Gastroenterology Hyderabad - Hyderabad (  View Location )",Hyderabad - Hyderabad,Gastroenterology,Mon to Sat - 10:30 AM to 01:00 PM,hyderabad
Dr. Naresh P Hanagodu,"MS,D. Ortho, MBBS
            25 years experience
Consultant Orthopaedic Surgeon/ Hip & Knee Replacements/ Knee & Shoulder Arthroscopies/ Orthopaedic Trauma Hyderabad - Hyderabad (  View Location )","MS,D. Ortho, MBBS
            25 years experience
Consultant Orthopaedic Surgeon/ Hip & Knee Replacements/ Knee & Shoulder Arthroscopies/ Orthopaedic Trauma Hyderabad - Hyderabad (  View Location )",Hyderabad - Hyderabad,Consultant Orthopaedic Surgeon,Mon to Sat - 11:30 AM to 02:00 PM,hyderabad
Dr. Muddana Lakshmi Manasa,"DNB, MBBS
            2  years experience
Pulmonary Medicine Hyderabad - Hyderabad (  View Location )","DNB, MBBS
            2  years experience
Pulmonary Medicine Hyderabad - Hyderabad (  View Location )",Hyderabad - Hyderabad,Pulmonary Medicine,Mon to Sat - 08:30 AM to 4:30 PM,hyderabad
Dr Kuchimanchi Vnkata Kameshwarao,"MS, MBBS, FCCM
            30  years experience
Critical Care/ Physician Hyderabad - Hyderabad (  View Location )","MS, MBBS, FCCM
            30  years experience
Critical Care/ Physician Hyderabad - Hyderabad (  View Location )",Hyderabad - Hyderabad,Critical Care,Mon to Sat - 09:00 AM to 12:00 PM,hyderabad
Dr. Alpa Atul Poorabia,"M.S, FLVPEI, D.O, M.B.B.S.
            24 years experience
Ophthalmologist Hyderabad - Hyderabad (  View Location )","M.S, FLVPEI, D.O, M.B.B.S.
            24 years experience
Ophthalmologist Hyderabad - Hyderabad (  View Location )",Hyderabad - Hyderabad,Ophthalmologist,Mon to Sat - 10 AM T0 1 PM,hyderabad
Dr. Syed Abdul Hakeem,"MRCS,DLO,MBBS
            19 years experience
ENT Hyderabad - Hyderabad (  View Location )","MRCS,DLO,MBBS
            19 years experience
ENT Hyderabad - Hyderabad (  View Location )",Hyderabad - Hyderabad,ENT,Mon - Sat : 9:00AM to 12:30 PM,hyderabad
Dr Jagan Mohan Reddy Bathalapalli,"MCH,M.S,M.B.B.S.
            12 years experience
General & Laparoscopic Surgeon/ Surgical Gastroenterology Hyderabad - Hyderabad (  View Location )","MCH,M.S,M.B.B.S.
            12 years experience
General & Laparoscopic Surgeon/ Surgical Gastroenterology Hyderabad - Hyderabad (  View Location )",Hyderabad - Hyderabad,General & Laparoscopic Surgeon,Mon - Sat : 9:30 AM to 4:30 PM & 5:30 PM to 7:30 PM,hyderabad
Dr Veerendra Mudnoor,"MBBS, MS.Orthopaedics
            13  years experience
Orthopaedics & Joint Replacement Hyderabad - Hyderabad (  View Location )","MBBS, MS.Orthopaedics
            13  years experience
Orthopaedics & Joint Replacement Hyderabad - Hyderabad (  View Location )",Hyderabad - Hyderabad,Orthopaedics & Joint Replacement,MON -  FRI : 11:00 AM to 4:00 PM & SAT : 11 AM to 3 PM,hyderabad
Dr. Priyank Salecha,"MS, DNB
            4 years experience
Urologist & Andrologist/ Urology Hyderabad - Hyderabad (  View Location )","MS, DNB
            4 years experience
Urologist & Andrologist/ Urology Hyderabad - Hyderabad (  View Location )",Hyderabad - Hyderabad,Urologist & Andrologist,"Monday - Saturday: 11:00 AM to 2:00 PM, 5:30 PM to 8 PM",hyderabad
Dr. Parvez Ansari,"M.B.B.S; D.N.B ( GENERAL SURGERY )
            12 years experience
General & Laparoscopic Surgeon/ General Surgery Hyderabad - Hyderabad (  View Location )","M.B.B.S; D.N.B ( GENERAL SURGERY )
            12 years experience
General & Laparoscopic Surgeon/ General Surgery Hyderabad - Hyderabad (  View Location )",Hyderabad - Hyderabad,General & Laparoscopic Surgeon,Mon - Sat : 5 : 30 PM -  7 : 00 PM,hyderabad
